:START_ID(Event-ID),:END_ID(Event-ID),:TYPE
R0,dR1,发生日期
R0,sR1,标题
R0,sR2,简介
R0,sR3,url
R0,sR4,消息来源
R0,R1,之前发生
R1,dR2,发生日期
R1,sR5,标题
R1,sR6,简介
R1,sR7,url
R1,sR8,消息来源
R1,R2,之前发生
R2,dR3,发生日期
R2,sR9,标题
R2,sR10,简介
R2,sR11,url
R2,sR12,消息来源
R2,R3,之前发生
R3,dR4,发生日期
R3,sR13,标题
R3,sR14,简介
R3,sR15,url
R3,sR16,消息来源
R3,R4,之前发生
R4,dR5,发生日期
R4,sR17,标题
R4,sR18,简介
R4,sR19,url
R4,sR20,消息来源
R4,R5,之前发生
R5,dR6,发生日期
R5,sR21,标题
R5,sR22,简介
R5,sR23,url
R5,sR24,消息来源
R5,R6,之前发生
R6,dR7,发生日期
R6,sR25,标题
R6,sR26,简介
R6,sR27,url
R6,sR28,消息来源
R6,R7,之前发生
R7,dR8,发生日期
R7,sR29,标题
R7,sR30,简介
R7,sR31,url
R7,sR32,消息来源
R7,R8,之前发生
R8,dR9,发生日期
R8,sR33,标题
R8,sR34,简介
R8,sR35,url
R8,sR36,消息来源
R8,R9,之前发生
R9,dR10,发生日期
R9,sR37,标题
R9,sR38,简介
R9,sR39,url
R9,sR40,消息来源
R9,R10,之前发生
R10,dR11,发生日期
R10,sR41,标题
R10,sR42,简介
R10,sR43,url
R10,sR44,消息来源
R10,R11,之前发生
R11,dR12,发生日期
R11,sR45,标题
R11,sR46,简介
R11,sR47,url
R11,sR48,消息来源
R11,R12,之前发生
R12,dR13,发生日期
R12,sR49,标题
R12,sR50,简介
R12,sR51,url
R12,sR52,消息来源
R12,R13,之前发生
R13,dR14,发生日期
R13,sR53,标题
R13,sR54,简介
R13,sR55,url
R13,sR56,消息来源
R13,R14,之前发生
R14,dR15,发生日期
R14,sR57,标题
R14,sR58,简介
R14,sR59,url
R14,sR60,消息来源
R14,R15,之前发生
R15,dR16,发生日期
R15,sR61,标题
R15,sR62,简介
R15,sR63,url
R15,sR64,消息来源
R15,R16,之前发生
R16,dR17,发生日期
R16,sR65,标题
R16,sR66,简介
R16,sR67,url
R16,sR68,消息来源
R16,R17,之前发生
R17,dR18,发生日期
R17,sR69,标题
R17,sR70,简介
R17,sR71,url
R17,sR72,消息来源
R17,R18,之前发生
R18,dR19,发生日期
R18,sR73,标题
R18,sR74,简介
R18,sR75,url
R18,sR76,消息来源
R18,R19,之前发生
R19,dR20,发生日期
R19,sR77,标题
R19,sR78,简介
R19,sR79,url
R19,sR80,消息来源
R19,R20,之前发生
R20,dR21,发生日期
R20,sR81,标题
R20,sR82,简介
R20,sR83,url
R20,sR84,消息来源
R20,R21,之前发生
R21,dR22,发生日期
R21,sR85,标题
R21,sR86,简介
R21,sR87,url
R21,sR88,消息来源
R21,R22,之前发生
R22,dR23,发生日期
R22,sR89,标题
R22,sR90,简介
R22,sR91,url
R22,sR92,消息来源
R22,R23,之前发生
R23,dR24,发生日期
R23,sR93,标题
R23,sR94,简介
R23,sR95,url
R23,sR96,消息来源
R23,R24,之前发生
R24,dR25,发生日期
R24,sR97,标题
R24,sR98,简介
R24,sR99,url
R24,sR100,消息来源
R24,R25,之前发生
R25,dR26,发生日期
R25,sR101,标题
R25,sR102,简介
R25,sR103,url
R25,sR104,消息来源
R25,R26,之前发生
R26,dR27,发生日期
R26,sR105,标题
R26,sR106,简介
R26,sR107,url
R26,sR108,消息来源
R26,R27,之前发生
R27,dR28,发生日期
R27,sR109,标题
R27,sR110,简介
R27,sR111,url
R27,sR112,消息来源
R27,R28,之前发生
R28,dR29,发生日期
R28,sR113,标题
R28,sR114,简介
R28,sR115,url
R28,sR116,消息来源
R28,R29,之前发生
R29,dR30,发生日期
R29,sR117,标题
R29,sR118,简介
R29,sR119,url
R29,sR120,消息来源
R29,R30,之前发生
R30,dR31,发生日期
R30,sR121,标题
R30,sR122,简介
R30,sR123,url
R30,sR124,消息来源
R30,R31,之前发生
R31,dR32,发生日期
R31,sR125,标题
R31,sR126,简介
R31,sR127,url
R31,sR128,消息来源
R31,R32,之前发生
R32,dR33,发生日期
R32,sR129,标题
R32,sR130,简介
R32,sR131,url
R32,sR132,消息来源
R32,R33,之前发生
R33,dR34,发生日期
R33,sR133,标题
R33,sR134,简介
R33,sR135,url
R33,sR136,消息来源
R33,R34,之前发生
R34,dR35,发生日期
R34,sR137,标题
R34,sR138,简介
R34,sR139,url
R34,sR140,消息来源
R34,R35,之前发生
R35,dR36,发生日期
R35,sR141,标题
R35,sR142,简介
R35,sR143,url
R35,sR144,消息来源
R35,R36,之前发生
R36,dR37,发生日期
R36,sR145,标题
R36,sR146,简介
R36,sR147,url
R36,sR148,消息来源
R36,R37,之前发生
R37,dR38,发生日期
R37,sR149,标题
R37,sR150,简介
R37,sR151,url
R37,sR152,消息来源
R37,R38,之前发生
R38,dR39,发生日期
R38,sR153,标题
R38,sR154,简介
R38,sR155,url
R38,sR156,消息来源
R38,R39,之前发生
R39,dR40,发生日期
R39,sR157,标题
R39,sR158,简介
R39,sR159,url
R39,sR160,消息来源
R39,R40,之前发生
R40,dR41,发生日期
R40,sR161,标题
R40,sR162,简介
R40,sR163,url
R40,sR164,消息来源
R40,R41,之前发生
R41,dR42,发生日期
R41,sR165,标题
R41,sR166,简介
R41,sR167,url
R41,sR168,消息来源
R41,R42,之前发生
R42,dR43,发生日期
R42,sR169,标题
R42,sR170,简介
R42,sR171,url
R42,sR172,消息来源
R42,R43,之前发生
R43,dR44,发生日期
R43,sR173,标题
R43,sR174,简介
R43,sR175,url
R43,sR176,消息来源
R43,R44,之前发生
R44,dR45,发生日期
R44,sR177,标题
R44,sR178,简介
R44,sR179,url
R44,sR180,消息来源
R44,R45,之前发生
R45,dR46,发生日期
R45,sR181,标题
R45,sR182,简介
R45,sR183,url
R45,sR184,消息来源
R45,R46,之前发生
R46,dR47,发生日期
R46,sR185,标题
R46,sR186,简介
R46,sR187,url
R46,sR188,消息来源
R46,R47,之前发生
R47,dR48,发生日期
R47,sR189,标题
R47,sR190,简介
R47,sR191,url
R47,sR192,消息来源
R47,R48,之前发生
R48,dR49,发生日期
R48,sR193,标题
R48,sR194,简介
R48,sR195,url
R48,sR196,消息来源
R48,R49,之前发生
R49,dR50,发生日期
R49,sR197,标题
R49,sR198,简介
R49,sR199,url
R49,sR200,消息来源
R49,R50,之前发生
R50,dR51,发生日期
R50,sR201,标题
R50,sR202,简介
R50,sR203,url
R50,sR204,消息来源
R50,R51,之前发生
R51,dR52,发生日期
R51,sR205,标题
R51,sR206,简介
R51,sR207,url
R51,sR208,消息来源
R51,R52,之前发生
R52,dR53,发生日期
R52,sR209,标题
R52,sR210,简介
R52,sR211,url
R52,sR212,消息来源
R52,R53,之前发生
R53,dR54,发生日期
R53,sR213,标题
R53,sR214,简介
R53,sR215,url
R53,sR216,消息来源
R53,R54,之前发生
R54,dR55,发生日期
R54,sR217,标题
R54,sR218,简介
R54,sR219,url
R54,sR220,消息来源
R54,R55,之前发生
R55,sR221,政策标题
R55,sR222,政策发布日期
R55,sR223,政策成文日期
R55,sR224,政策发文机构
R55,sR225,政策发文字号
R55,sR226,政策对象
R55,sR227,政策依据
R55,sR228,政策落款
R55,sR229,政策有关事项
R55,sR230,政策内容
R56,sR231,政策标题
R56,sR232,政策发布日期
R56,sR233,政策成文日期
R56,sR234,政策发文机构
R56,sR235,政策发文字号
R56,sR236,政策对象
R56,sR237,政策依据
R56,sR238,政策落款
R56,sR239,政策有关事项
R56,sR240,政策内容
R56,R55,后续政策
R57,sR241,政策标题
R57,sR242,政策发布日期
R57,sR243,政策成文日期
R57,sR244,政策发文机构
R57,sR245,政策依据
R57,sR246,政策落款
R57,sR247,政策内容
R57,R56,后续政策
R58,sR248,政策标题
R58,sR249,政策发布日期
R58,sR250,政策成文日期
R58,sR251,政策发文机构
R58,sR252,政策发文字号
R58,sR253,政策依据
R58,sR254,政策落款
R58,sR255,政策有关事项
R58,sR256,政策内容
R58,R57,后续政策
R59,sR257,政策标题
R59,sR258,政策发布日期
R59,sR259,政策成文日期
R59,sR260,政策发文机构
R59,sR261,政策发文字号
R59,sR262,政策对象
R59,sR263,政策依据
R59,sR264,政策落款
R59,sR265,政策内容
R59,R58,后续政策
R60,sR266,政策标题
R60,sR267,政策发布日期
R60,sR268,政策成文日期
R60,sR269,政策发文机构
R60,sR270,政策发文字号
R60,sR271,政策对象
R60,sR272,政策依据
R60,sR273,政策落款
R60,sR274,政策有关事项
R60,sR275,政策内容
R60,R59,后续政策
R61,sR276,政策标题
R61,sR277,政策发布日期
R61,sR278,政策成文日期
R61,sR279,政策发文机构
R61,sR280,政策发文字号
R61,sR281,政策对象
R61,sR282,政策依据
R61,sR283,政策落款
R61,sR284,政策有关事项
R61,sR285,政策内容
R61,R60,后续政策
R62,sR286,政策标题
R62,sR287,政策发布日期
R62,sR288,政策成文日期
R62,sR289,政策发文机构
R62,sR290,政策发文字号
R62,sR291,政策对象
R62,sR292,政策依据
R62,sR293,政策落款
R62,sR294,政策有关事项
R62,sR295,政策内容
R62,R61,后续政策
R63,sR296,政策标题
R63,sR297,政策发布日期
R63,sR298,政策成文日期
R63,sR299,政策发文机构
R63,sR300,政策对象
R63,sR301,政策依据
R63,sR302,政策落款
R63,sR303,政策内容
R63,R62,后续政策
R64,sR304,政策标题
R64,sR305,政策发布日期
R64,sR306,政策成文日期
R64,sR307,政策发文机构
R64,sR308,政策对象
R64,sR309,政策依据
R64,sR310,政策落款
R64,sR311,政策有关事项
R64,sR312,政策内容
R64,R63,后续政策
R65,sR313,政策标题
R65,sR314,政策发布日期
R65,sR315,政策成文日期
R65,sR316,政策发文机构
R65,sR317,政策依据
R65,sR318,政策落款
R65,sR319,政策有关事项
R65,sR320,政策内容
R65,R64,后续政策
R66,sR321,政策标题
R66,sR322,政策发布日期
R66,sR323,政策成文日期
R66,sR324,政策发文机构
R66,sR325,政策发文字号
R66,sR326,政策对象
R66,sR327,政策依据
R66,sR328,政策落款
R66,sR329,政策有关事项
R66,sR330,政策内容
R66,R65,后续政策
R67,sR331,政策标题
R67,sR332,政策发布日期
R67,sR333,政策成文日期
R67,sR334,政策发文机构
R67,sR335,政策发文字号
R67,sR336,政策对象
R67,sR337,政策依据
R67,sR338,政策落款
R67,sR339,政策有关事项
R67,sR340,政策内容
R67,R66,后续政策
R68,sR341,政策标题
R68,sR342,政策发布日期
R68,sR343,政策成文日期
R68,sR344,政策发文机构
R68,sR345,政策发文字号
R68,sR346,政策对象
R68,sR347,政策依据
R68,sR348,政策落款
R68,sR349,政策有关事项
R68,sR350,政策内容
R68,R67,后续政策
R69,sR351,政策标题
R69,sR352,政策发布日期
R69,sR353,政策成文日期
R69,sR354,政策发文机构
R69,sR355,政策发文字号
R69,sR356,政策对象
R69,sR357,政策依据
R69,sR358,政策落款
R69,sR359,政策有关事项
R69,sR360,政策内容
R69,R68,后续政策
R70,sR361,政策标题
R70,sR362,政策发布日期
R70,sR363,政策成文日期
R70,sR364,政策发文机构
R70,sR365,政策对象
R70,sR366,政策依据
R70,sR367,政策落款
R70,sR368,政策有关事项
R70,sR369,政策内容
R70,R69,后续政策
R71,sR370,政策标题
R71,sR371,政策发布日期
R71,sR372,政策成文日期
R71,sR373,政策发文机构
R71,sR374,政策发文字号
R71,sR375,政策对象
R71,sR376,政策依据
R71,sR377,政策落款
R71,sR378,政策内容
R71,R70,后续政策
R72,sR379,政策标题
R72,sR380,政策发布日期
R72,sR381,政策成文日期
R72,sR382,政策发文机构
R72,sR383,政策发文字号
R72,sR384,政策对象
R72,sR385,政策依据
R72,sR386,政策落款
R72,sR387,政策有关事项
R72,sR388,政策内容
R72,R71,后续政策
R73,sR389,政策标题
R73,sR390,政策发布日期
R73,sR391,政策成文日期
R73,sR392,政策发文机构
R73,sR393,政策发文字号
R73,sR394,政策对象
R73,sR395,政策依据
R73,sR396,政策落款
R73,sR397,政策内容
R73,R72,后续政策
R74,sR398,政策标题
R74,sR399,政策发布日期
R74,sR400,政策成文日期
R74,sR401,政策发文机构
R74,sR402,政策发文字号
R74,sR403,政策对象
R74,sR404,政策依据
R74,sR405,政策落款
R74,sR406,政策有关事项
R74,sR407,政策内容
R74,R73,后续政策
R75,sR408,政策标题
R75,sR409,政策发布日期
R75,sR410,政策成文日期
R75,sR411,政策发文机构
R75,sR412,政策发文字号
R75,sR413,政策对象
R75,sR414,政策依据
R75,sR415,政策落款
R75,sR416,政策有关事项
R75,sR417,政策内容
R75,R74,后续政策
R76,sR418,政策标题
R76,sR419,政策发布日期
R76,sR420,政策成文日期
R76,sR421,政策发文机构
R76,sR422,政策发文字号
R76,sR423,政策对象
R76,sR424,政策依据
R76,sR425,政策落款
R76,sR426,政策有关事项
R76,sR427,政策内容
R76,R75,后续政策
R77,sR428,政策标题
R77,sR429,政策发布日期
R77,sR430,政策成文日期
R77,sR431,政策发文机构
R77,sR432,政策发文字号
R77,sR433,政策对象
R77,sR434,政策依据
R77,sR435,政策落款
R77,sR436,政策有关事项
R77,sR437,政策内容
R77,R76,后续政策
R78,sR438,政策标题
R78,sR439,政策发布日期
R78,sR440,政策成文日期
R78,sR441,政策发文机构
R78,sR442,政策发文字号
R78,sR443,政策对象
R78,sR444,政策依据
R78,sR445,政策落款
R78,sR446,政策有关事项
R78,sR447,政策内容
R78,R77,后续政策
R79,sR448,政策标题
R79,sR449,政策发布日期
R79,sR450,政策成文日期
R79,sR451,政策发文机构
R79,sR452,政策发文字号
R79,sR453,政策对象
R79,sR454,政策依据
R79,sR455,政策落款
R79,sR456,政策有关事项
R79,sR457,政策内容
R79,R78,后续政策
R80,sR458,政策标题
R80,sR459,政策发布日期
R80,sR460,政策成文日期
R80,sR461,政策发文机构
R80,sR462,政策发文字号
R80,sR463,政策对象
R80,sR464,政策依据
R80,sR465,政策落款
R80,sR466,政策有关事项
R80,sR467,政策内容
R80,R79,后续政策
R81,sR468,政策标题
R81,sR469,政策发布日期
R81,sR470,政策成文日期
R81,sR471,政策发文机构
R81,sR472,政策发文字号
R81,sR473,政策对象
R81,sR474,政策依据
R81,sR475,政策落款
R81,sR476,政策有关事项
R81,sR477,政策内容
R81,R80,后续政策
R82,sR478,政策标题
R82,sR479,政策发布日期
R82,sR480,政策成文日期
R82,sR481,政策发文机构
R82,sR482,政策发文字号
R82,sR483,政策对象
R82,sR484,政策依据
R82,sR485,政策落款
R82,sR486,政策有关事项
R82,sR487,政策内容
R82,R81,后续政策
R83,sR488,政策标题
R83,sR489,政策发布日期
R83,sR490,政策成文日期
R83,sR491,政策发文机构
R83,sR492,政策发文字号
R83,sR493,政策对象
R83,sR494,政策依据
R83,sR495,政策落款
R83,sR496,政策有关事项
R83,sR497,政策内容
R83,R82,后续政策
R84,sR498,政策标题
R84,sR499,政策发布日期
R84,sR500,政策成文日期
R84,sR501,政策发文机构
R84,sR502,政策发文字号
R84,sR503,政策对象
R84,sR504,政策依据
R84,sR505,政策落款
R84,sR506,政策有关事项
R84,sR507,政策内容
R84,R83,后续政策
R85,sR508,政策标题
R85,sR509,政策发布日期
R85,sR510,政策成文日期
R85,sR511,政策发文机构
R85,sR512,政策发文字号
R85,sR513,政策对象
R85,sR514,政策依据
R85,sR515,政策落款
R85,sR516,政策有关事项
R85,sR517,政策内容
R85,R84,后续政策
R86,sR518,政策标题
R86,sR519,政策发布日期
R86,sR520,政策成文日期
R86,sR521,政策发文机构
R86,sR522,政策发文字号
R86,sR523,政策对象
R86,sR524,政策依据
R86,sR525,政策落款
R86,sR526,政策有关事项
R86,sR527,政策内容
R86,R85,后续政策
R87,sR528,政策标题
R87,sR529,政策发布日期
R87,sR530,政策成文日期
R87,sR531,政策发文机构
R87,sR532,政策对象
R87,sR533,政策依据
R87,sR534,政策落款
R87,sR535,政策有关事项
R87,sR536,政策内容
R87,R86,后续政策
R88,sR537,政策标题
R88,sR538,政策发布日期
R88,sR539,政策成文日期
R88,sR540,政策发文机构
R88,sR541,政策落款
R88,sR542,政策内容
R88,R87,后续政策
R89,sR543,政策标题
R89,sR544,政策发布日期
R89,sR545,政策成文日期
R89,sR546,政策发文机构
R89,sR547,政策依据
R89,sR548,政策落款
R89,sR549,政策内容
R89,R88,后续政策
R90,sR550,政策标题
R90,sR551,政策发布日期
R90,sR552,政策成文日期
R90,sR553,政策发文机构
R90,sR554,政策依据
R90,sR555,政策落款
R90,sR556,政策内容
R90,R89,后续政策
R91,sR557,政策标题
R91,sR558,政策发布日期
R91,sR559,政策成文日期
R91,sR560,政策发文机构
R91,sR561,政策依据
R91,sR562,政策落款
R91,sR563,政策内容
R91,R90,后续政策
R92,sR564,政策标题
R92,sR565,政策发布日期
R92,sR566,政策成文日期
R92,sR567,政策发文机构
R92,sR568,政策发文字号
R92,sR569,政策对象
R92,sR570,政策依据
R92,sR571,政策落款
R92,sR572,政策有关事项
R92,sR573,政策内容
R92,R91,后续政策
R93,sR574,政策标题
R93,sR575,政策发布日期
R93,sR576,政策成文日期
R93,sR577,政策发文机构
R93,sR578,政策发文字号
R93,sR579,政策对象
R93,sR580,政策依据
R93,sR581,政策落款
R93,sR582,政策有关事项
R93,sR583,政策内容
R93,R92,后续政策
R94,sR584,政策标题
R94,sR585,政策发布日期
R94,sR586,政策成文日期
R94,sR587,政策发文机构
R94,sR588,政策发文字号
R94,sR589,政策对象
R94,sR590,政策依据
R94,sR591,政策落款
R94,sR592,政策有关事项
R94,sR593,政策内容
R94,R93,后续政策
R95,sR594,政策标题
R95,sR595,政策发布日期
R95,sR596,政策成文日期
R95,sR597,政策发文机构
R95,sR598,政策发文字号
R95,sR599,政策对象
R95,sR600,政策依据
R95,sR601,政策落款
R95,sR602,政策有关事项
R95,sR603,政策内容
R95,R94,后续政策
R96,sR604,政策标题
R96,sR605,政策发布日期
R96,sR606,政策成文日期
R96,sR607,政策发文机构
R96,sR608,政策发文字号
R96,sR609,政策依据
R96,sR610,政策落款
R96,sR611,政策有关事项
R96,sR612,政策内容
R96,R95,后续政策
R97,sR613,政策标题
R97,sR614,政策发布日期
R97,sR615,政策成文日期
R97,sR616,政策发文机构
R97,sR617,政策发文字号
R97,sR618,政策依据
R97,sR619,政策落款
R97,sR620,政策有关事项
R97,sR621,政策内容
R97,R96,后续政策
R98,sR622,政策标题
R98,sR623,政策发布日期
R98,sR624,政策成文日期
R98,sR625,政策发文机构
R98,sR626,政策发文字号
R98,sR627,政策依据
R98,sR628,政策落款
R98,sR629,政策有关事项
R98,sR630,政策内容
R98,R97,后续政策
R99,sR631,政策标题
R99,sR632,政策发布日期
R99,sR633,政策成文日期
R99,sR634,政策发文机构
R99,sR635,政策发文字号
R99,sR636,政策依据
R99,sR637,政策落款
R99,sR638,政策有关事项
R99,sR639,政策内容
R99,R98,后续政策
R100,sR640,政策标题
R100,sR641,政策发布日期
R100,sR642,政策成文日期
R100,sR643,政策发文机构
R100,sR644,政策发文字号
R100,sR645,政策对象
R100,sR646,政策依据
R100,sR647,政策落款
R100,sR648,政策有关事项
R100,sR649,政策内容
R100,R99,后续政策
R101,sR650,政策标题
R101,sR651,政策发布日期
R101,sR652,政策成文日期
R101,sR653,政策发文机构
R101,sR654,政策发文字号
R101,sR655,政策对象
R101,sR656,政策依据
R101,sR657,政策落款
R101,sR658,政策内容
R101,R100,后续政策
R102,sR659,政策标题
R102,sR660,政策发布日期
R102,sR661,政策成文日期
R102,sR662,政策发文机构
R102,sR663,政策对象
R102,sR664,政策依据
R102,sR665,政策落款
R102,sR666,政策有关事项
R102,sR667,政策内容
R102,R101,后续政策
R103,sR668,政策标题
R103,sR669,政策发布日期
R103,sR670,政策成文日期
R103,sR671,政策发文机构
R103,sR672,政策发文字号
R103,sR673,政策对象
R103,sR674,政策依据
R103,sR675,政策落款
R103,sR676,政策有关事项
R103,sR677,政策内容
R103,R102,后续政策
R104,sR678,政策标题
R104,sR679,政策发布日期
R104,sR680,政策成文日期
R104,sR681,政策发文机构
R104,sR682,政策发文字号
R104,sR683,政策对象
R104,sR684,政策依据
R104,sR685,政策落款
R104,sR686,政策有关事项
R104,sR687,政策内容
R104,R103,后续政策
R105,sR688,政策标题
R105,sR689,政策发布日期
R105,sR690,政策成文日期
R105,sR691,政策发文机构
R105,sR692,政策发文字号
R105,sR693,政策对象
R105,sR694,政策依据
R105,sR695,政策落款
R105,sR696,政策有关事项
R105,sR697,政策内容
R105,R104,后续政策
R106,sR698,政策标题
R106,sR699,政策发布日期
R106,sR700,政策成文日期
R106,sR701,政策发文机构
R106,sR702,政策发文字号
R106,sR703,政策对象
R106,sR704,政策依据
R106,sR705,政策落款
R106,sR706,政策有关事项
R106,sR707,政策内容
R106,R105,后续政策
R107,sR708,政策标题
R107,sR709,政策发布日期
R107,sR710,政策成文日期
R107,sR711,政策发文机构
R107,sR712,政策发文字号
R107,sR713,政策对象
R107,sR714,政策依据
R107,sR715,政策落款
R107,sR716,政策有关事项
R107,sR717,政策内容
R107,R106,后续政策
R108,sR718,政策标题
R108,sR719,政策发布日期
R108,sR720,政策成文日期
R108,sR721,政策发文机构
R108,sR722,政策对象
R108,sR723,政策依据
R108,sR724,政策落款
R108,sR725,政策有关事项
R108,sR726,政策内容
R108,R107,后续政策
R109,sR727,政策标题
R109,sR728,政策发布日期
R109,sR729,政策成文日期
R109,sR730,政策发文机构
R109,sR731,政策对象
R109,sR732,政策依据
R109,sR733,政策落款
R109,sR734,政策有关事项
R109,sR735,政策内容
R109,R108,后续政策
R110,sR736,政策标题
R110,sR737,政策发布日期
R110,sR738,政策成文日期
R110,sR739,政策发文机构
R110,sR740,政策发文字号
R110,sR741,政策对象
R110,sR742,政策依据
R110,sR743,政策落款
R110,sR744,政策有关事项
R110,sR745,政策内容
R110,R109,后续政策
R111,sR746,政策标题
R111,sR747,政策发布日期
R111,sR748,政策成文日期
R111,sR749,政策发文机构
R111,sR750,政策发文字号
R111,sR751,政策对象
R111,sR752,政策依据
R111,sR753,政策落款
R111,sR754,政策有关事项
R111,sR755,政策内容
R111,R110,后续政策
R112,sR756,政策标题
R112,sR757,政策发布日期
R112,sR758,政策成文日期
R112,sR759,政策发文机构
R112,sR760,政策发文字号
R112,sR761,政策对象
R112,sR762,政策依据
R112,sR763,政策落款
R112,sR764,政策有关事项
R112,sR765,政策内容
R112,R111,后续政策
R113,sR766,政策标题
R113,sR767,政策发布日期
R113,sR768,政策成文日期
R113,sR769,政策发文机构
R113,sR770,政策发文字号
R113,sR771,政策对象
R113,sR772,政策依据
R113,sR773,政策落款
R113,sR774,政策有关事项
R113,sR775,政策内容
R113,R112,后续政策
R114,sR776,政策标题
R114,sR777,政策发布日期
R114,sR778,政策成文日期
R114,sR779,政策发文机构
R114,sR780,政策发文字号
R114,sR781,政策对象
R114,sR782,政策依据
R114,sR783,政策落款
R114,sR784,政策有关事项
R114,sR785,政策内容
R114,R113,后续政策
R115,sR786,政策标题
R115,sR787,政策发布日期
R115,sR788,政策成文日期
R115,sR789,政策发文机构
R115,sR790,政策发文字号
R115,sR791,政策对象
R115,sR792,政策依据
R115,sR793,政策落款
R115,sR794,政策内容
R115,R114,后续政策
R116,sR795,政策标题
R116,sR796,政策发布日期
R116,sR797,政策成文日期
R116,sR798,政策发文机构
R116,sR799,政策发文字号
R116,sR800,政策对象
R116,sR801,政策依据
R116,sR802,政策落款
R116,sR803,政策有关事项
R116,sR804,政策内容
R116,R115,后续政策
R117,sR805,政策标题
R117,sR806,政策发布日期
R117,sR807,政策成文日期
R117,sR808,政策发文机构
R117,sR809,政策依据
R117,sR810,政策落款
R117,sR811,政策有关事项
R117,sR812,政策内容
R117,R116,后续政策
R118,sR813,政策标题
R118,sR814,政策发布日期
R118,sR815,政策成文日期
R118,sR816,政策发文机构
R118,sR817,政策对象
R118,sR818,政策依据
R118,sR819,政策落款
R118,sR820,政策有关事项
R118,sR821,政策内容
R118,R117,后续政策
R119,sR822,政策标题
R119,sR823,政策发布日期
R119,sR824,政策成文日期
R119,sR825,政策发文机构
R119,sR826,政策发文字号
R119,sR827,政策对象
R119,sR828,政策依据
R119,sR829,政策落款
R119,sR830,政策有关事项
R119,sR831,政策内容
R119,R118,后续政策
R120,sR832,政策标题
R120,sR833,政策发布日期
R120,sR834,政策成文日期
R120,sR835,政策发文机构
R120,sR836,政策发文字号
R120,sR837,政策对象
R120,sR838,政策依据
R120,sR839,政策落款
R120,sR840,政策有关事项
R120,sR841,政策内容
R120,R119,后续政策
R121,sR842,政策标题
R121,sR843,政策发布日期
R121,sR844,政策成文日期
R121,sR845,政策发文机构
R121,sR846,政策发文字号
R121,sR847,政策对象
R121,sR848,政策依据
R121,sR849,政策落款
R121,sR850,政策有关事项
R121,sR851,政策内容
R121,R120,后续政策
R122,sR852,政策标题
R122,sR853,政策发布日期
R122,sR854,政策成文日期
R122,sR855,政策发文机构
R122,sR856,政策发文字号
R122,sR857,政策对象
R122,sR858,政策依据
R122,sR859,政策落款
R122,sR860,政策有关事项
R122,sR861,政策内容
R122,R121,后续政策
R123,sR862,政策标题
R123,sR863,政策发布日期
R123,sR864,政策成文日期
R123,sR865,政策发文机构
R123,sR866,政策发文字号
R123,sR867,政策对象
R123,sR868,政策依据
R123,sR869,政策落款
R123,sR870,政策有关事项
R123,sR871,政策内容
R123,R122,后续政策
R124,sR872,政策标题
R124,sR873,政策发布日期
R124,sR874,政策成文日期
R124,sR875,政策发文机构
R124,sR876,政策发文字号
R124,sR877,政策对象
R124,sR878,政策依据
R124,sR879,政策落款
R124,sR880,政策有关事项
R124,sR881,政策内容
R124,R123,后续政策
R125,sR882,政策标题
R125,sR883,政策发布日期
R125,sR884,政策成文日期
R125,sR885,政策发文机构
R125,sR886,政策对象
R125,sR887,政策依据
R125,sR888,政策落款
R125,sR889,政策有关事项
R125,sR890,政策内容
R125,R124,后续政策
R126,sR891,政策标题
R126,sR892,政策发布日期
R126,sR893,政策成文日期
R126,sR894,政策发文机构
R126,sR895,政策对象
R126,sR896,政策依据
R126,sR897,政策落款
R126,sR898,政策有关事项
R126,sR899,政策内容
R126,R125,后续政策
R127,sR900,政策标题
R127,sR901,政策发布日期
R127,sR902,政策成文日期
R127,sR903,政策发文机构
R127,sR904,政策发文字号
R127,sR905,政策对象
R127,sR906,政策依据
R127,sR907,政策落款
R127,sR908,政策有关事项
R127,sR909,政策内容
R127,R126,后续政策
R128,sR910,政策标题
R128,sR911,政策发布日期
R128,sR912,政策成文日期
R128,sR913,政策发文机构
R128,sR914,政策发文字号
R128,sR915,政策对象
R128,sR916,政策依据
R128,sR917,政策落款
R128,sR918,政策有关事项
R128,sR919,政策内容
R128,R127,后续政策
R129,sR920,政策标题
R129,sR921,政策发布日期
R129,sR922,政策成文日期
R129,sR923,政策发文机构
R129,sR924,政策发文字号
R129,sR925,政策对象
R129,sR926,政策依据
R129,sR927,政策落款
R129,sR928,政策有关事项
R129,sR929,政策内容
R129,R128,后续政策
R130,sR930,政策标题
R130,sR931,政策发布日期
R130,sR932,政策成文日期
R130,sR933,政策发文机构
R130,sR934,政策对象
R130,sR935,政策依据
R130,sR936,政策落款
R130,sR937,政策有关事项
R130,sR938,政策内容
R130,R129,后续政策
R131,sR939,政策标题
R131,sR940,政策发布日期
R131,sR941,政策成文日期
R131,sR942,政策发文机构
R131,sR943,政策发文字号
R131,sR944,政策对象
R131,sR945,政策依据
R131,sR946,政策落款
R131,sR947,政策有关事项
R131,sR948,政策内容
R131,R130,后续政策
R132,sR949,政策标题
R132,sR950,政策发布日期
R132,sR951,政策成文日期
R132,sR952,政策发文机构
R132,sR953,政策发文字号
R132,sR954,政策对象
R132,sR955,政策依据
R132,sR956,政策落款
R132,sR957,政策有关事项
R132,sR958,政策内容
R132,R131,后续政策
R133,sR959,政策标题
R133,sR960,政策发布日期
R133,sR961,政策成文日期
R133,sR962,政策发文机构
R133,sR963,政策发文字号
R133,sR964,政策对象
R133,sR965,政策依据
R133,sR966,政策落款
R133,sR967,政策有关事项
R133,sR968,政策内容
R133,R132,后续政策
R134,sR969,政策标题
R134,sR970,政策发布日期
R134,sR971,政策成文日期
R134,sR972,政策发文机构
R134,sR973,政策依据
R134,sR974,政策落款
R134,sR975,政策有关事项
R134,sR976,政策内容
R134,R133,后续政策
R135,sR977,政策标题
R135,sR978,政策发布日期
R135,sR979,政策成文日期
R135,sR980,政策发文机构
R135,sR981,政策发文字号
R135,sR982,政策对象
R135,sR983,政策依据
R135,sR984,政策落款
R135,sR985,政策有关事项
R135,sR986,政策内容
R135,R134,后续政策
R136,sR987,政策标题
R136,sR988,政策发布日期
R136,sR989,政策成文日期
R136,sR990,政策发文机构
R136,sR991,政策发文字号
R136,sR992,政策对象
R136,sR993,政策依据
R136,sR994,政策落款
R136,sR995,政策有关事项
R136,sR996,政策内容
R136,R135,后续政策
R137,sR997,政策标题
R137,sR998,政策发布日期
R137,sR999,政策成文日期
R137,sR1000,政策发文机构
R137,sR1001,政策发文字号
R137,sR1002,政策对象
R137,sR1003,政策依据
R137,sR1004,政策落款
R137,sR1005,政策有关事项
R137,sR1006,政策内容
R137,R136,后续政策
R138,sR1007,政策标题
R138,sR1008,政策发布日期
R138,sR1009,政策成文日期
R138,sR1010,政策发文机构
R138,sR1011,政策发文字号
R138,sR1012,政策依据
R138,sR1013,政策落款
R138,sR1014,政策有关事项
R138,sR1015,政策内容
R138,R137,后续政策
R139,sR1016,政策标题
R139,sR1017,政策发布日期
R139,sR1018,政策成文日期
R139,sR1019,政策发文机构
R139,sR1020,政策发文字号
R139,sR1021,政策依据
R139,sR1022,政策落款
R139,sR1023,政策有关事项
R139,sR1024,政策内容
R139,R138,后续政策
R140,sR1025,政策标题
R140,sR1026,政策发布日期
R140,sR1027,政策成文日期
R140,sR1028,政策发文机构
R140,sR1029,政策发文字号
R140,sR1030,政策对象
R140,sR1031,政策依据
R140,sR1032,政策落款
R140,sR1033,政策内容
R140,R139,后续政策
R141,sR1034,政策标题
R141,sR1035,政策发布日期
R141,sR1036,政策成文日期
R141,sR1037,政策发文机构
R141,sR1038,政策发文字号
R141,sR1039,政策依据
R141,sR1040,政策落款
R141,sR1041,政策有关事项
R141,sR1042,政策内容
R141,R140,后续政策
R142,sR1043,政策标题
R142,sR1044,政策发布日期
R142,sR1045,政策成文日期
R142,sR1046,政策发文机构
R142,sR1047,政策发文字号
R142,sR1048,政策对象
R142,sR1049,政策依据
R142,sR1050,政策落款
R142,sR1051,政策有关事项
R142,sR1052,政策内容
R142,R141,后续政策
R143,sR1053,政策标题
R143,sR1054,政策发布日期
R143,sR1055,政策成文日期
R143,sR1056,政策发文机构
R143,sR1057,政策发文字号
R143,sR1058,政策对象
R143,sR1059,政策依据
R143,sR1060,政策落款
R143,sR1061,政策有关事项
R143,sR1062,政策内容
R143,R142,后续政策
R144,sR1063,政策标题
R144,sR1064,政策发布日期
R144,sR1065,政策成文日期
R144,sR1066,政策发文机构
R144,sR1067,政策发文字号
R144,sR1068,政策对象
R144,sR1069,政策依据
R144,sR1070,政策落款
R144,sR1071,政策有关事项
R144,sR1072,政策内容
R144,R143,后续政策
R145,sR1073,政策标题
R145,sR1074,政策发布日期
R145,sR1075,政策成文日期
R145,sR1076,政策发文机构
R145,sR1077,政策发文字号
R145,sR1078,政策对象
R145,sR1079,政策依据
R145,sR1080,政策落款
R145,sR1081,政策有关事项
R145,sR1082,政策内容
R145,R144,后续政策
R146,sR1083,政策标题
R146,sR1084,政策发布日期
R146,sR1085,政策成文日期
R146,sR1086,政策发文机构
R146,sR1087,政策发文字号
R146,sR1088,政策依据
R146,sR1089,政策落款
R146,sR1090,政策有关事项
R146,sR1091,政策内容
R146,R145,后续政策
R147,sR1092,政策标题
R147,sR1093,政策发布日期
R147,sR1094,政策成文日期
R147,sR1095,政策发文机构
R147,sR1096,政策对象
R147,sR1097,政策依据
R147,sR1098,政策落款
R147,sR1099,政策有关事项
R147,sR1100,政策内容
R147,R146,后续政策
R148,sR1101,政策标题
R148,sR1102,政策发布日期
R148,sR1103,政策成文日期
R148,sR1104,政策发文机构
R148,sR1105,政策发文字号
R148,sR1106,政策对象
R148,sR1107,政策依据
R148,sR1108,政策落款
R148,sR1109,政策有关事项
R148,sR1110,政策内容
R148,R147,后续政策
R149,sR1111,政策标题
R149,sR1112,政策发布日期
R149,sR1113,政策成文日期
R149,sR1114,政策发文机构
R149,sR1115,政策发文字号
R149,sR1116,政策对象
R149,sR1117,政策依据
R149,sR1118,政策落款
R149,sR1119,政策有关事项
R149,sR1120,政策内容
R149,R148,后续政策
R150,sR1121,政策标题
R150,sR1122,政策发布日期
R150,sR1123,政策成文日期
R150,sR1124,政策发文机构
R150,sR1125,政策对象
R150,sR1126,政策依据
R150,sR1127,政策落款
R150,sR1128,政策有关事项
R150,sR1129,政策内容
R150,R149,后续政策
R151,sR1130,政策标题
R151,sR1131,政策发布日期
R151,sR1132,政策成文日期
R151,sR1133,政策发文机构
R151,sR1134,政策发文字号
R151,sR1135,政策对象
R151,sR1136,政策依据
R151,sR1137,政策落款
R151,sR1138,政策有关事项
R151,sR1139,政策内容
R151,R150,后续政策
R152,sR1140,政策标题
R152,sR1141,政策发布日期
R152,sR1142,政策成文日期
R152,sR1143,政策发文机构
R152,sR1144,政策发文字号
R152,sR1145,政策对象
R152,sR1146,政策依据
R152,sR1147,政策落款
R152,sR1148,政策有关事项
R152,sR1149,政策内容
R152,R151,后续政策
R153,sR1150,政策标题
R153,sR1151,政策发布日期
R153,sR1152,政策成文日期
R153,sR1153,政策发文机构
R153,sR1154,政策发文字号
R153,sR1155,政策对象
R153,sR1156,政策依据
R153,sR1157,政策落款
R153,sR1158,政策有关事项
R153,sR1159,政策内容
R153,R152,后续政策
R154,sR1160,政策标题
R154,sR1161,政策发布日期
R154,sR1162,政策成文日期
R154,sR1163,政策发文机构
R154,sR1164,政策发文字号
R154,sR1165,政策对象
R154,sR1166,政策依据
R154,sR1167,政策落款
R154,sR1168,政策有关事项
R154,sR1169,政策内容
R154,R153,后续政策
R155,sR1170,政策标题
R155,sR1171,政策发布日期
R155,sR1172,政策成文日期
R155,sR1173,政策发文机构
R155,sR1174,政策发文字号
R155,sR1175,政策对象
R155,sR1176,政策依据
R155,sR1177,政策落款
R155,sR1178,政策有关事项
R155,sR1179,政策内容
R155,R154,后续政策
R156,sR1180,政策标题
R156,sR1181,政策发布日期
R156,sR1182,政策成文日期
R156,sR1183,政策发文机构
R156,sR1184,政策发文字号
R156,sR1185,政策对象
R156,sR1186,政策依据
R156,sR1187,政策落款
R156,sR1188,政策有关事项
R156,sR1189,政策内容
R156,R155,后续政策
R157,sR1190,政策标题
R157,sR1191,政策发布日期
R157,sR1192,政策成文日期
R157,sR1193,政策发文机构
R157,sR1194,政策发文字号
R157,sR1195,政策对象
R157,sR1196,政策依据
R157,sR1197,政策落款
R157,sR1198,政策有关事项
R157,sR1199,政策内容
R157,R156,后续政策
R158,sR1200,政策标题
R158,sR1201,政策发布日期
R158,sR1202,政策成文日期
R158,sR1203,政策发文机构
R158,sR1204,政策发文字号
R158,sR1205,政策依据
R158,sR1206,政策落款
R158,sR1207,政策有关事项
R158,sR1208,政策内容
R158,R157,后续政策
R159,sR1209,政策标题
R159,sR1210,政策发布日期
R159,sR1211,政策成文日期
R159,sR1212,政策发文机构
R159,sR1213,政策发文字号
R159,sR1214,政策对象
R159,sR1215,政策依据
R159,sR1216,政策落款
R159,sR1217,政策有关事项
R159,sR1218,政策内容
R159,R158,后续政策
R160,sR1219,政策标题
R160,sR1220,政策发布日期
R160,sR1221,政策成文日期
R160,sR1222,政策发文机构
R160,sR1223,政策发文字号
R160,sR1224,政策对象
R160,sR1225,政策依据
R160,sR1226,政策落款
R160,sR1227,政策有关事项
R160,sR1228,政策内容
R160,R159,后续政策
R161,sR1229,政策标题
R161,sR1230,政策发布日期
R161,sR1231,政策成文日期
R161,sR1232,政策发文机构
R161,sR1233,政策发文字号
R161,sR1234,政策对象
R161,sR1235,政策依据
R161,sR1236,政策落款
R161,sR1237,政策有关事项
R161,sR1238,政策内容
R161,R160,后续政策
R162,sR1239,政策标题
R162,sR1240,政策发布日期
R162,sR1241,政策成文日期
R162,sR1242,政策发文机构
R162,sR1243,政策发文字号
R162,sR1244,政策依据
R162,sR1245,政策落款
R162,sR1246,政策有关事项
R162,sR1247,政策内容
R162,R161,后续政策
R163,sR1248,政策标题
R163,sR1249,政策发布日期
R163,sR1250,政策成文日期
R163,sR1251,政策发文机构
R163,sR1252,政策落款
R163,sR1253,政策内容
R163,R162,后续政策
R164,sR1254,政策标题
R164,sR1255,政策发布日期
R164,sR1256,政策成文日期
R164,sR1257,政策发文机构
R164,sR1258,政策发文字号
R164,sR1259,政策对象
R164,sR1260,政策依据
R164,sR1261,政策落款
R164,sR1262,政策有关事项
R164,sR1263,政策内容
R164,R163,后续政策
R165,sR1264,政策标题
R165,sR1265,政策发布日期
R165,sR1266,政策成文日期
R165,sR1267,政策发文机构
R165,sR1268,政策落款
R165,sR1269,政策有关事项
R165,sR1270,政策内容
R165,R164,后续政策
R166,sR1271,政策标题
R166,sR1272,政策发布日期
R166,sR1273,政策成文日期
R166,sR1274,政策发文机构
R166,sR1275,政策对象
R166,sR1276,政策依据
R166,sR1277,政策落款
R166,sR1278,政策内容
R166,R165,后续政策
R167,sR1279,政策标题
R167,sR1280,政策发布日期
R167,sR1281,政策成文日期
R167,sR1282,政策发文机构
R167,sR1283,政策发文字号
R167,sR1284,政策依据
R167,sR1285,政策落款
R167,sR1286,政策有关事项
R167,sR1287,政策内容
R167,R166,后续政策
R168,sR1288,政策标题
R168,sR1289,政策发布日期
R168,sR1290,政策成文日期
R168,sR1291,政策发文机构
R168,sR1292,政策发文字号
R168,sR1293,政策对象
R168,sR1294,政策依据
R168,sR1295,政策落款
R168,sR1296,政策内容
R168,R167,后续政策
R169,sR1297,政策标题
R169,sR1298,政策发布日期
R169,sR1299,政策成文日期
R169,sR1300,政策发文机构
R169,sR1301,政策发文字号
R169,sR1302,政策对象
R169,sR1303,政策依据
R169,sR1304,政策落款
R169,sR1305,政策有关事项
R169,sR1306,政策内容
R169,R168,后续政策
R170,sR1307,政策标题
R170,sR1308,政策发布日期
R170,sR1309,政策成文日期
R170,sR1310,政策发文机构
R170,sR1311,政策发文字号
R170,sR1312,政策对象
R170,sR1313,政策依据
R170,sR1314,政策落款
R170,sR1315,政策有关事项
R170,sR1316,政策内容
R170,R169,后续政策
R171,sR1317,政策标题
R171,sR1318,政策发布日期
R171,sR1319,政策成文日期
R171,sR1320,政策发文机构
R171,sR1321,政策发文字号
R171,sR1322,政策对象
R171,sR1323,政策依据
R171,sR1324,政策落款
R171,sR1325,政策内容
R171,R170,后续政策
R172,sR1326,政策标题
R172,sR1327,政策发布日期
R172,sR1328,政策成文日期
R172,sR1329,政策发文机构
R172,sR1330,政策发文字号
R172,sR1331,政策对象
R172,sR1332,政策依据
R172,sR1333,政策落款
R172,sR1334,政策有关事项
R172,sR1335,政策内容
R172,R171,后续政策
R173,sR1336,政策标题
R173,sR1337,政策发布日期
R173,sR1338,政策成文日期
R173,sR1339,政策发文机构
R173,sR1340,政策发文字号
R173,sR1341,政策对象
R173,sR1342,政策依据
R173,sR1343,政策落款
R173,sR1344,政策有关事项
R173,sR1345,政策内容
R173,R172,后续政策
R174,sR1346,政策标题
R174,sR1347,政策发布日期
R174,sR1348,政策成文日期
R174,sR1349,政策发文机构
R174,sR1350,政策发文字号
R174,sR1351,政策对象
R174,sR1352,政策依据
R174,sR1353,政策落款
R174,sR1354,政策有关事项
R174,sR1355,政策内容
R174,R173,后续政策
R175,sR1356,政策标题
R175,sR1357,政策发布日期
R175,sR1358,政策成文日期
R175,sR1359,政策发文机构
R175,sR1360,政策对象
R175,sR1361,政策依据
R175,sR1362,政策落款
R175,sR1363,政策有关事项
R175,sR1364,政策内容
R175,R174,后续政策
R176,sR1365,政策标题
R176,sR1366,政策发布日期
R176,sR1367,政策成文日期
R176,sR1368,政策发文机构
R176,sR1369,政策发文字号
R176,sR1370,政策对象
R176,sR1371,政策依据
R176,sR1372,政策落款
R176,sR1373,政策有关事项
R176,sR1374,政策内容
R176,R175,后续政策
R177,sR1375,政策标题
R177,sR1376,政策发布日期
R177,sR1377,政策成文日期
R177,sR1378,政策发文机构
R177,sR1379,政策发文字号
R177,sR1380,政策对象
R177,sR1381,政策依据
R177,sR1382,政策落款
R177,sR1383,政策有关事项
R177,sR1384,政策内容
R177,R176,后续政策
R178,sR1385,政策标题
R178,sR1386,政策发布日期
R178,sR1387,政策成文日期
R178,sR1388,政策发文机构
R178,sR1389,政策发文字号
R178,sR1390,政策对象
R178,sR1391,政策依据
R178,sR1392,政策落款
R178,sR1393,政策有关事项
R178,sR1394,政策内容
R178,R177,后续政策
R179,sR1395,政策标题
R179,sR1396,政策发布日期
R179,sR1397,政策成文日期
R179,sR1398,政策发文机构
R179,sR1399,政策发文字号
R179,sR1400,政策依据
R179,sR1401,政策落款
R179,sR1402,政策有关事项
R179,sR1403,政策内容
R179,R178,后续政策
R180,sR1404,政策标题
R180,sR1405,政策发布日期
R180,sR1406,政策成文日期
R180,sR1407,政策发文机构
R180,sR1408,政策发文字号
R180,sR1409,政策依据
R180,sR1410,政策落款
R180,sR1411,政策有关事项
R180,sR1412,政策内容
R180,R179,后续政策
R181,sR1413,政策标题
R181,sR1414,政策发布日期
R181,sR1415,政策成文日期
R181,sR1416,政策发文机构
R181,sR1417,政策发文字号
R181,sR1418,政策依据
R181,sR1419,政策落款
R181,sR1420,政策有关事项
R181,sR1421,政策内容
R181,R180,后续政策
R182,sR1422,政策标题
R182,sR1423,政策发布日期
R182,sR1424,政策成文日期
R182,sR1425,政策发文机构
R182,sR1426,政策发文字号
R182,sR1427,政策对象
R182,sR1428,政策依据
R182,sR1429,政策落款
R182,sR1430,政策有关事项
R182,sR1431,政策内容
R182,R181,后续政策
R183,sR1432,政策标题
R183,sR1433,政策发布日期
R183,sR1434,政策成文日期
R183,sR1435,政策发文机构
R183,sR1436,政策发文字号
R183,sR1437,政策对象
R183,sR1438,政策依据
R183,sR1439,政策落款
R183,sR1440,政策有关事项
R183,sR1441,政策内容
R183,R182,后续政策
R184,sR1442,政策标题
R184,sR1443,政策发布日期
R184,sR1444,政策成文日期
R184,sR1445,政策发文机构
R184,sR1446,政策发文字号
R184,sR1447,政策依据
R184,sR1448,政策落款
R184,sR1449,政策有关事项
R184,sR1450,政策内容
R184,R183,后续政策
R185,sR1451,政策标题
R185,sR1452,政策发布日期
R185,sR1453,政策成文日期
R185,sR1454,政策发文机构
R185,sR1455,政策发文字号
R185,sR1456,政策对象
R185,sR1457,政策依据
R185,sR1458,政策落款
R185,sR1459,政策有关事项
R185,sR1460,政策内容
R185,R184,后续政策
R186,sR1461,政策标题
R186,sR1462,政策发布日期
R186,sR1463,政策成文日期
R186,sR1464,政策发文机构
R186,sR1465,政策对象
R186,sR1466,政策依据
R186,sR1467,政策落款
R186,sR1468,政策内容
R186,R185,后续政策
R187,sR1469,政策标题
R187,sR1470,政策发布日期
R187,sR1471,政策成文日期
R187,sR1472,政策发文机构
R187,sR1473,政策发文字号
R187,sR1474,政策对象
R187,sR1475,政策依据
R187,sR1476,政策落款
R187,sR1477,政策有关事项
R187,sR1478,政策内容
R187,R186,后续政策
R188,sR1479,政策标题
R188,sR1480,政策发布日期
R188,sR1481,政策成文日期
R188,sR1482,政策发文机构
R188,sR1483,政策对象
R188,sR1484,政策依据
R188,sR1485,政策落款
R188,sR1486,政策有关事项
R188,sR1487,政策内容
R188,R187,后续政策
R189,sR1488,政策标题
R189,sR1489,政策发布日期
R189,sR1490,政策成文日期
R189,sR1491,政策发文机构
R189,sR1492,政策发文字号
R189,sR1493,政策对象
R189,sR1494,政策依据
R189,sR1495,政策落款
R189,sR1496,政策内容
R189,R188,后续政策
R190,sR1497,政策标题
R190,sR1498,政策发布日期
R190,sR1499,政策成文日期
R190,sR1500,政策发文机构
R190,sR1501,政策对象
R190,sR1502,政策依据
R190,sR1503,政策落款
R190,sR1504,政策有关事项
R190,sR1505,政策内容
R190,R189,后续政策
R191,sR1506,政策标题
R191,sR1507,政策发布日期
R191,sR1508,政策成文日期
R191,sR1509,政策发文机构
R191,sR1510,政策发文字号
R191,sR1511,政策对象
R191,sR1512,政策依据
R191,sR1513,政策落款
R191,sR1514,政策有关事项
R191,sR1515,政策内容
R191,R190,后续政策
R192,sR1516,政策标题
R192,sR1517,政策发布日期
R192,sR1518,政策成文日期
R192,sR1519,政策发文机构
R192,sR1520,政策发文字号
R192,sR1521,政策对象
R192,sR1522,政策依据
R192,sR1523,政策落款
R192,sR1524,政策内容
R192,R191,后续政策
R193,sR1525,政策标题
R193,sR1526,政策发布日期
R193,sR1527,政策成文日期
R193,sR1528,政策发文机构
R193,sR1529,政策发文字号
R193,sR1530,政策对象
R193,sR1531,政策依据
R193,sR1532,政策落款
R193,sR1533,政策有关事项
R193,sR1534,政策内容
R193,R192,后续政策
R194,sR1535,政策标题
R194,sR1536,政策发布日期
R194,sR1537,政策成文日期
R194,sR1538,政策发文机构
R194,sR1539,政策发文字号
R194,sR1540,政策对象
R194,sR1541,政策依据
R194,sR1542,政策落款
R194,sR1543,政策有关事项
R194,sR1544,政策内容
R194,R193,后续政策
